GeneID	Module	ParentDir			black	39
evm.TU.FRAGSCAFF_104__FRAGMENT_2.3	green	99			blue	90
evm.TU.FRAGSCAFF_44__FRAGMENT_2.45	green	99			brown	84
evm.TU.FRAGSCAFF_57__FRAGMENT_2.42	green	99			cyan	0
evm.TU.FRAGSCAFF_58__FRAGMENT_1.3	green	99			green	186
evm.TU.FRAGSCAFF_70__FRAGMENT_2.1	green	99			greenyellow	0
evm.TU.FRAGSCAFF_78__FRAGMENT_1.7	green	99			lightcyan	0
evm.TU.HIC_ASM_0.102	green	99			magenta	123
evm.TU.HIC_ASM_0.146	green	99			midnightblue	0
evm.TU.HIC_ASM_0.247	green	99			pink	50
evm.TU.HIC_ASM_0.311	green	99			purple	80
evm.TU.HIC_ASM_0.464	green	99			red	32
evm.TU.HIC_ASM_0.612	green	99			salmon	0
evm.TU.HIC_ASM_0.797	green	99			tan	0
evm.TU.HIC_ASM_1.1051	green	99			turquoise	50
evm.TU.HIC_ASM_1.1442	green	99			yellow	79
evm.TU.HIC_ASM_1.1608	green	99				
evm.TU.HIC_ASM_1.1884	green	99				
evm.TU.HIC_ASM_1.189	green	99				
evm.TU.HIC_ASM_1.2201	green	99				
evm.TU.HIC_ASM_1.2420	green	99				
evm.TU.HIC_ASM_1.862	green	99				
evm.TU.HIC_ASM_10.219	green	99				
evm.TU.HIC_ASM_10.315	green	99				
evm.TU.HIC_ASM_10.476	green	99				
evm.TU.HIC_ASM_10.619	green	99				
evm.TU.HIC_ASM_11.1175	green	99				
evm.TU.HIC_ASM_11.1310	green	99				
evm.TU.HIC_ASM_11.1313	green	99				
evm.TU.HIC_ASM_11.1334	green	99				
evm.TU.HIC_ASM_11.2	green	99				
evm.TU.HIC_ASM_11.22	green	99				
evm.TU.HIC_ASM_11.695	green	99				
evm.TU.HIC_ASM_11.72	green	99				
evm.TU.HIC_ASM_11.885	green	99				
evm.TU.HIC_ASM_12.1105	green	99				
evm.TU.HIC_ASM_12.196	green	99				
evm.TU.HIC_ASM_12.221	green	99				
evm.TU.HIC_ASM_12.379	green	99				
evm.TU.HIC_ASM_12.77	green	99				
evm.TU.HIC_ASM_12.973	green	99				
evm.TU.HIC_ASM_13.1116	green	99				
evm.TU.HIC_ASM_13.1252	green	99				
evm.TU.HIC_ASM_13.1296	green	99				
evm.TU.HIC_ASM_13.293	green	99				
evm.TU.HIC_ASM_13.999	green	99				
evm.TU.HIC_ASM_14.271	green	99				
evm.TU.HIC_ASM_14.285	green	99				
evm.TU.HIC_ASM_14.670	green	99				
evm.TU.HIC_ASM_14.744	green	99				
evm.TU.HIC_ASM_14.786	green	99				
evm.TU.HIC_ASM_15.1271	green	99				
evm.TU.HIC_ASM_15.169	green	99				
evm.TU.HIC_ASM_15.2245	green	99				
evm.TU.HIC_ASM_15.2309	green	99				
evm.TU.HIC_ASM_15.2467	green	99				
evm.TU.HIC_ASM_15.2516	green	99				
evm.TU.HIC_ASM_15.533	green	99				
evm.TU.HIC_ASM_15.973	green	99				
evm.TU.HIC_ASM_16.1194	green	99				
evm.TU.HIC_ASM_16.1403	green	99				
evm.TU.HIC_ASM_16.192	green	99				
evm.TU.HIC_ASM_16.327	green	99				
evm.TU.HIC_ASM_16.431	green	99				
evm.TU.HIC_ASM_16.674	green	99				
evm.TU.HIC_ASM_16.688	green	99				
evm.TU.HIC_ASM_16.989	green	99				
evm.TU.HIC_ASM_17.1026	green	99				
evm.TU.HIC_ASM_17.1349	green	99				
evm.TU.HIC_ASM_17.1402	green	99				
evm.TU.HIC_ASM_17.1438	green	99				
evm.TU.HIC_ASM_17.432	green	99				
evm.TU.HIC_ASM_17.617	green	99				
evm.TU.HIC_ASM_17.901	green	99				
evm.TU.HIC_ASM_18.392	green	99				
evm.TU.HIC_ASM_18.864	green	99				
evm.TU.HIC_ASM_2.1042	green	99				
evm.TU.HIC_ASM_2.1045	green	99				
evm.TU.HIC_ASM_2.127	green	99				
evm.TU.HIC_ASM_2.1307	green	99				
evm.TU.HIC_ASM_2.409	green	99				
evm.TU.HIC_ASM_2.576	green	99				
evm.TU.HIC_ASM_3.1245	green	99				
evm.TU.HIC_ASM_3.136	green	99				
evm.TU.HIC_ASM_3.142	green	99				
evm.TU.HIC_ASM_3.181	green	99				
evm.TU.HIC_ASM_3.1998	green	99				
evm.TU.HIC_ASM_3.2082	green	99				
evm.TU.HIC_ASM_3.477	green	99				
evm.TU.HIC_ASM_3.538	green	99				
evm.TU.HIC_ASM_3.617	green	99				
evm.TU.HIC_ASM_3.917	green	99				
evm.TU.HIC_ASM_4.1405	green	99				
evm.TU.HIC_ASM_4.1515	green	99				
evm.TU.HIC_ASM_4.1523	green	99				
evm.TU.HIC_ASM_4.1688	green	99				
evm.TU.HIC_ASM_4.1715	green	99				
evm.TU.HIC_ASM_4.1740	green	99				
evm.TU.HIC_ASM_4.294	green	99				
evm.TU.HIC_ASM_4.414	green	99				
evm.TU.HIC_ASM_4.475	green	99				
evm.TU.HIC_ASM_4.831	green	99				
evm.TU.HIC_ASM_4.875	green	99				
evm.TU.HIC_ASM_5.1129	green	99				
evm.TU.HIC_ASM_5.260	green	99				
evm.TU.HIC_ASM_5.458	green	99				
evm.TU.HIC_ASM_5.582	green	99				
evm.TU.HIC_ASM_6.1438	green	99				
evm.TU.HIC_ASM_6.1640	green	99				
evm.TU.HIC_ASM_6.1766	green	99				
evm.TU.HIC_ASM_6.177	green	99				
evm.TU.HIC_ASM_6.1957	green	99				
evm.TU.HIC_ASM_6.1993	green	99				
evm.TU.HIC_ASM_6.200	green	99				
evm.TU.HIC_ASM_6.2095	green	99				
evm.TU.HIC_ASM_6.2098	green	99				
evm.TU.HIC_ASM_6.2164	green	99				
evm.TU.HIC_ASM_6.2386	green	99				
evm.TU.HIC_ASM_6.2455	green	99				
evm.TU.HIC_ASM_6.2534	green	99				
evm.TU.HIC_ASM_6.3091	green	99				
evm.TU.HIC_ASM_6.3100	green	99				
evm.TU.HIC_ASM_6.3122	green	99				
evm.TU.HIC_ASM_6.3161	green	99				
evm.TU.HIC_ASM_6.320	green	99				
evm.TU.HIC_ASM_6.3206	green	99				
evm.TU.HIC_ASM_6.3885	green	99				
evm.TU.HIC_ASM_6.3886	green	99				
evm.TU.HIC_ASM_6.4137	green	99				
evm.TU.HIC_ASM_6.603	green	99				
evm.TU.HIC_ASM_7.1825	green	99				
evm.TU.HIC_ASM_7.1829	green	99				
evm.TU.HIC_ASM_7.2022	green	99				
evm.TU.HIC_ASM_7.2083	green	99				
evm.TU.HIC_ASM_7.251	green	99				
evm.TU.HIC_ASM_7.470	green	99				
evm.TU.HIC_ASM_7.554	green	99				
evm.TU.HIC_ASM_7.562	green	99				
evm.TU.HIC_ASM_7.707	green	99				
evm.TU.HIC_ASM_7.890	green	99				
evm.TU.HIC_ASM_7.90	green	99				
evm.TU.HIC_ASM_7.904	green	99				
evm.TU.HIC_ASM_8.1101	green	99				
evm.TU.HIC_ASM_8.1182	green	99				
evm.TU.HIC_ASM_8.1212	green	99				
evm.TU.HIC_ASM_8.1425	green	99				
evm.TU.HIC_ASM_8.1435	green	99				
evm.TU.HIC_ASM_8.1575	green	99				
evm.TU.HIC_ASM_8.302	green	99				
evm.TU.HIC_ASM_8.363	green	99				
evm.TU.HIC_ASM_8.476	green	99				
evm.TU.HIC_ASM_8.591	green	99				
evm.TU.HIC_ASM_8.70	green	99				
evm.TU.HIC_ASM_8.889	green	99				
evm.TU.HIC_ASM_8.899	green	99				
evm.TU.HIC_ASM_9.1111	green	99				
evm.TU.HIC_ASM_9.1617	green	99				
evm.TU.HIC_ASM_9.1762	green	99				
evm.TU.HIC_ASM_9.1849	green	99				
evm.TU.HIC_ASM_9.1868	green	99				
evm.TU.HIC_ASM_9.1943	green	99				
evm.TU.HIC_ASM_9.203	green	99				
evm.TU.HIC_ASM_9.670	green	99				
evm.TU.HIC_ASM_9.822	green	99				
evm.TU.ORIGINAL_130.5	green	99				
evm.TU.ORIGINAL_179__FRAGMENT_1.4	green	99				
evm.TU.ORIGINAL_247__FRAGMENT_1.11	green	99				
evm.TU.ORIGINAL_247__FRAGMENT_2.42	green	99				
evm.TU.ORIGINAL_247__FRAGMENT_2.50	green	99				
evm.TU.ORIGINAL_354.1	green	99				
evm.TU.ORIGINAL_355.20	green	99				
evm.TU.ORIGINAL_435__FRAGMENT_2.5	green	99				
evm.TU.ORIGINAL_469__FRAGMENT_1.3	green	99				
evm.TU.ORIGINAL_471.3	green	99				
evm.TU.ORIGINAL_484__FRAGMENT_2.11	green	99				
evm.TU.ORIGINAL_484__FRAGMENT_2.12	green	99				
evm.TU.ORIGINAL_488.3	green	99				
evm.TU.ORIGINAL_497.21	green	99				
PB.2920	green	99				
PB.15067	green	99				
PB.17353	green	99				
PB.437	green	99				
PB.15372	green	99				
PB.9670	green	99				
PB.23690	green	99				
PB.4234	green	99				
PB.15920	green	99				
evm.TU.FRAGSCAFF_21__FRAGMENT_1.14	brown	99				
evm.TU.FRAGSCAFF_49__FRAGMENT_1.19	brown	99				
evm.TU.FRAGSCAFF_49__FRAGMENT_2.2	brown	99				
evm.TU.HIC_ASM_0.109	brown	99				
evm.TU.HIC_ASM_0.245	brown	99				
evm.TU.HIC_ASM_0.307	brown	99				
evm.TU.HIC_ASM_0.326	brown	99				
evm.TU.HIC_ASM_0.45	brown	99				
evm.TU.HIC_ASM_0.514	brown	99				
evm.TU.HIC_ASM_0.586	brown	99				
evm.TU.HIC_ASM_0.975	brown	99				
evm.TU.HIC_ASM_1.1187	brown	99				
evm.TU.HIC_ASM_1.251	brown	99				
evm.TU.HIC_ASM_1.842	brown	99				
evm.TU.HIC_ASM_1.845	brown	99				
evm.TU.HIC_ASM_10.359	brown	99				
evm.TU.HIC_ASM_10.369	brown	99				
evm.TU.HIC_ASM_10.774	brown	99				
evm.TU.HIC_ASM_10.802	brown	99				
evm.TU.HIC_ASM_11.1002	brown	99				
evm.TU.HIC_ASM_11.1172	brown	99				
evm.TU.HIC_ASM_12.1002	brown	99				
evm.TU.HIC_ASM_12.1199	brown	99				
evm.TU.HIC_ASM_12.965	brown	99				
evm.TU.HIC_ASM_13.1177	brown	99				
evm.TU.HIC_ASM_13.391	brown	99				
evm.TU.HIC_ASM_13.614	brown	99				
evm.TU.HIC_ASM_13.929	brown	99				
evm.TU.HIC_ASM_14.671	brown	99				
evm.TU.HIC_ASM_14.672	brown	99				
evm.TU.HIC_ASM_15.1488	brown	99				
evm.TU.HIC_ASM_15.1591	brown	99				
evm.TU.HIC_ASM_15.1639	brown	99				
evm.TU.HIC_ASM_15.2047	brown	99				
evm.TU.HIC_ASM_16.95	brown	99				
evm.TU.HIC_ASM_17.114	brown	99				
evm.TU.HIC_ASM_17.242	brown	99				
evm.TU.HIC_ASM_17.327	brown	99				
evm.TU.HIC_ASM_18.1203	brown	99				
evm.TU.HIC_ASM_18.506	brown	99				
evm.TU.HIC_ASM_2.121	brown	99				
evm.TU.HIC_ASM_2.1417	brown	99				
evm.TU.HIC_ASM_2.71	brown	99				
evm.TU.HIC_ASM_3.16	brown	99				
evm.TU.HIC_ASM_3.1879	brown	99				
evm.TU.HIC_ASM_4.1287	brown	99				
evm.TU.HIC_ASM_4.710	brown	99				
evm.TU.HIC_ASM_4.860	brown	99				
evm.TU.HIC_ASM_4.981	brown	99				
evm.TU.HIC_ASM_5.1322	brown	99				
evm.TU.HIC_ASM_5.296	brown	99				
evm.TU.HIC_ASM_6.1301	brown	99				
evm.TU.HIC_ASM_6.1385	brown	99				
evm.TU.HIC_ASM_6.2716	brown	99				
evm.TU.HIC_ASM_6.367	brown	99				
evm.TU.HIC_ASM_6.368	brown	99				
evm.TU.HIC_ASM_6.3891	brown	99				
evm.TU.HIC_ASM_7.209	brown	99				
evm.TU.HIC_ASM_7.2368	brown	99				
evm.TU.HIC_ASM_7.2401	brown	99				
evm.TU.HIC_ASM_7.2546	brown	99				
evm.TU.HIC_ASM_7.608	brown	99				
evm.TU.HIC_ASM_7.973	brown	99				
evm.TU.HIC_ASM_8.1123	brown	99				
evm.TU.HIC_ASM_8.1145	brown	99				
evm.TU.HIC_ASM_8.1147	brown	99				
evm.TU.HIC_ASM_8.1836	brown	99				
evm.TU.HIC_ASM_8.356	brown	99				
evm.TU.HIC_ASM_8.757	brown	99				
evm.TU.HIC_ASM_8.888	brown	99				
evm.TU.HIC_ASM_9.1249	brown	99				
evm.TU.HIC_ASM_9.1460	brown	99				
evm.TU.HIC_ASM_9.157	brown	99				
evm.TU.HIC_ASM_9.1763	brown	99				
evm.TU.HIC_ASM_9.345	brown	99				
evm.TU.HIC_ASM_9.616	brown	99				
evm.TU.ORIGINAL_130.3	brown	99				
evm.TU.ORIGINAL_250.2	brown	99				
evm.TU.ORIGINAL_355.8	brown	99				
evm.TU.ORIGINAL_484__FRAGMENT_1.12	brown	99				
PB.9917	brown	99				
PB.2729	brown	99				
PB.3	brown	99				
PB.19425	brown	99				
evm.TU.FRAGSCAFF_21__FRAGMENT_1.19	magenta	99				
evm.TU.FRAGSCAFF_27__FRAGMENT_2.3	magenta	99				
evm.TU.FRAGSCAFF_44__FRAGMENT_2.23	magenta	99				
evm.TU.HIC_ASM_0.209	magenta	99				
evm.TU.HIC_ASM_0.435	magenta	99				
evm.TU.HIC_ASM_0.509	magenta	99				
evm.TU.HIC_ASM_0.585	magenta	99				
evm.TU.HIC_ASM_0.590	magenta	99				
evm.TU.HIC_ASM_1.110	magenta	99				
evm.TU.HIC_ASM_1.1475	magenta	99				
evm.TU.HIC_ASM_1.1850	magenta	99				
evm.TU.HIC_ASM_1.2536	magenta	99				
evm.TU.HIC_ASM_1.291	magenta	99				
evm.TU.HIC_ASM_1.336	magenta	99				
evm.TU.HIC_ASM_1.681	magenta	99				
evm.TU.HIC_ASM_12.137	magenta	99				
evm.TU.HIC_ASM_12.138	magenta	99				
evm.TU.HIC_ASM_12.312	magenta	99				
evm.TU.HIC_ASM_12.800	magenta	99				
evm.TU.HIC_ASM_13.1196	magenta	99				
evm.TU.HIC_ASM_13.1197	magenta	99				
evm.TU.HIC_ASM_13.1198	magenta	99				
evm.TU.HIC_ASM_13.1265	magenta	99				
evm.TU.HIC_ASM_13.1266	magenta	99				
evm.TU.HIC_ASM_13.1298	magenta	99				
evm.TU.HIC_ASM_13.652	magenta	99				
evm.TU.HIC_ASM_14.342	magenta	99				
evm.TU.HIC_ASM_14.372	magenta	99				
evm.TU.HIC_ASM_14.492	magenta	99				
evm.TU.HIC_ASM_14.54	magenta	99				
evm.TU.HIC_ASM_14.627	magenta	99				
evm.TU.HIC_ASM_15.1224	magenta	99				
evm.TU.HIC_ASM_15.1683	magenta	99				
evm.TU.HIC_ASM_15.2172	magenta	99				
evm.TU.HIC_ASM_15.2311	magenta	99				
evm.TU.HIC_ASM_15.2515	magenta	99				
evm.TU.HIC_ASM_15.2639	magenta	99				
evm.TU.HIC_ASM_15.785	magenta	99				
evm.TU.HIC_ASM_16.1039	magenta	99				
evm.TU.HIC_ASM_16.1113	magenta	99				
evm.TU.HIC_ASM_16.306	magenta	99				
evm.TU.HIC_ASM_16.676	magenta	99				
evm.TU.HIC_ASM_16.964	magenta	99				
evm.TU.HIC_ASM_17.1268	magenta	99				
evm.TU.HIC_ASM_17.368	magenta	99				
evm.TU.HIC_ASM_17.483	magenta	99				
evm.TU.HIC_ASM_18.1093	magenta	99				
evm.TU.HIC_ASM_18.1205	magenta	99				
evm.TU.HIC_ASM_18.420	magenta	99				
evm.TU.HIC_ASM_18.51	magenta	99				
evm.TU.HIC_ASM_18.64	magenta	99				
evm.TU.HIC_ASM_18.788	magenta	99				
evm.TU.HIC_ASM_2.1029	magenta	99				
evm.TU.HIC_ASM_2.1033	magenta	99				
evm.TU.HIC_ASM_2.1212	magenta	99				
evm.TU.HIC_ASM_2.1221	magenta	99				
evm.TU.HIC_ASM_2.345	magenta	99				
evm.TU.HIC_ASM_2.394	magenta	99				
evm.TU.HIC_ASM_2.655	magenta	99				
evm.TU.HIC_ASM_2.893	magenta	99				
evm.TU.HIC_ASM_2.924	magenta	99				
evm.TU.HIC_ASM_3.1109	magenta	99				
evm.TU.HIC_ASM_3.1131	magenta	99				
evm.TU.HIC_ASM_3.1239	magenta	99				
evm.TU.HIC_ASM_3.2076	magenta	99				
evm.TU.HIC_ASM_3.329	magenta	99				
evm.TU.HIC_ASM_3.729	magenta	99				
evm.TU.HIC_ASM_3.853	magenta	99				
evm.TU.HIC_ASM_4.223	magenta	99				
evm.TU.HIC_ASM_4.224	magenta	99				
evm.TU.HIC_ASM_4.249	magenta	99				
evm.TU.HIC_ASM_4.889	magenta	99				
evm.TU.HIC_ASM_4.93	magenta	99				
evm.TU.HIC_ASM_5.1367	magenta	99				
evm.TU.HIC_ASM_5.522	magenta	99				
evm.TU.HIC_ASM_5.529	magenta	99				
evm.TU.HIC_ASM_5.953	magenta	99				
evm.TU.HIC_ASM_6.1180	magenta	99				
evm.TU.HIC_ASM_6.1213	magenta	99				
evm.TU.HIC_ASM_6.1577	magenta	99				
evm.TU.HIC_ASM_6.2683	magenta	99				
evm.TU.HIC_ASM_6.3028	magenta	99				
evm.TU.HIC_ASM_6.3423	magenta	99				
evm.TU.HIC_ASM_6.3657	magenta	99				
evm.TU.HIC_ASM_6.3890	magenta	99				
evm.TU.HIC_ASM_6.3993	magenta	99				
evm.TU.HIC_ASM_6.4154	magenta	99				
evm.TU.HIC_ASM_6.4155	magenta	99				
evm.TU.HIC_ASM_7.1338	magenta	99				
evm.TU.HIC_ASM_7.1776	magenta	99				
evm.TU.HIC_ASM_7.1979	magenta	99				
evm.TU.HIC_ASM_7.392	magenta	99				
evm.TU.HIC_ASM_7.503	magenta	99				
evm.TU.HIC_ASM_7.844	magenta	99				
evm.TU.HIC_ASM_7.881	magenta	99				
evm.TU.HIC_ASM_8.114	magenta	99				
evm.TU.HIC_ASM_8.1245	magenta	99				
evm.TU.HIC_ASM_8.1312	magenta	99				
evm.TU.HIC_ASM_8.1779	magenta	99				
evm.TU.HIC_ASM_8.1842	magenta	99				
evm.TU.HIC_ASM_8.435	magenta	99				
evm.TU.HIC_ASM_8.451	magenta	99				
evm.TU.HIC_ASM_8.628	magenta	99				
evm.TU.HIC_ASM_9.1215	magenta	99				
evm.TU.HIC_ASM_9.1279	magenta	99				
evm.TU.HIC_ASM_9.1517	magenta	99				
evm.TU.HIC_ASM_9.1712	magenta	99				
evm.TU.HIC_ASM_9.1752	magenta	99				
evm.TU.HIC_ASM_9.495	magenta	99				
evm.TU.ORIGINAL_113.11	magenta	99				
evm.TU.ORIGINAL_130.7	magenta	99				
evm.TU.ORIGINAL_347.2	magenta	99				
evm.TU.ORIGINAL_488.13	magenta	99				
PB.17396	magenta	99				
PB.481	magenta	99				
PB.1231	magenta	99				
PB.482	magenta	99				
PB.11257	magenta	99				
PB.2901	magenta	99				
PB.1125	magenta	99				
PB.8161	magenta	99				
PB.23586	magenta	99				
PB.22944	magenta	99				
evm.TU.FRAGSCAFF_26__FRAGMENT_2.5	blue	99				
evm.TU.FRAGSCAFF_75__FRAGMENT_3.45	blue	99				
evm.TU.HIC_ASM_1.172	blue	99				
evm.TU.HIC_ASM_1.2071	blue	99				
evm.TU.HIC_ASM_1.2283	blue	99				
evm.TU.HIC_ASM_1.258	blue	99				
evm.TU.HIC_ASM_10.1156	blue	99				
evm.TU.HIC_ASM_11.1031	blue	99				
evm.TU.HIC_ASM_11.1263	blue	99				
evm.TU.HIC_ASM_11.280	blue	99				
evm.TU.HIC_ASM_11.567	blue	99				
evm.TU.HIC_ASM_11.868	blue	99				
evm.TU.HIC_ASM_12.1013	blue	99				
evm.TU.HIC_ASM_12.1150	blue	99				
evm.TU.HIC_ASM_12.864	blue	99				
evm.TU.HIC_ASM_13.1360	blue	99				
evm.TU.HIC_ASM_13.1386	blue	99				
evm.TU.HIC_ASM_13.880	blue	99				
evm.TU.HIC_ASM_13.881	blue	99				
evm.TU.HIC_ASM_13.886	blue	99				
evm.TU.HIC_ASM_13.981	blue	99				
evm.TU.HIC_ASM_14.249	blue	99				
evm.TU.HIC_ASM_14.282	blue	99				
evm.TU.HIC_ASM_15.1105	blue	99				
evm.TU.HIC_ASM_15.1237	blue	99				
evm.TU.HIC_ASM_15.1260	blue	99				
evm.TU.HIC_ASM_15.205	blue	99				
evm.TU.HIC_ASM_15.2392	blue	99				
evm.TU.HIC_ASM_15.242	blue	99				
evm.TU.HIC_ASM_15.531	blue	99				
evm.TU.HIC_ASM_15.840	blue	99				
evm.TU.HIC_ASM_15.865	blue	99				
evm.TU.HIC_ASM_16.1198	blue	99				
evm.TU.HIC_ASM_16.1350	blue	99				
evm.TU.HIC_ASM_16.428	blue	99				
evm.TU.HIC_ASM_16.72	blue	99				
evm.TU.HIC_ASM_17.127	blue	99				
evm.TU.HIC_ASM_17.1390	blue	99				
evm.TU.HIC_ASM_17.18	blue	99				
evm.TU.HIC_ASM_17.35	blue	99				
evm.TU.HIC_ASM_17.5	blue	99				
evm.TU.HIC_ASM_18.1239	blue	99				
evm.TU.HIC_ASM_18.465	blue	99				
evm.TU.HIC_ASM_2.1040	blue	99				
evm.TU.HIC_ASM_2.315	blue	99				
evm.TU.HIC_ASM_2.90	blue	99				
evm.TU.HIC_ASM_3.287	blue	99				
evm.TU.HIC_ASM_3.466	blue	99				
evm.TU.HIC_ASM_3.848	blue	99				
evm.TU.HIC_ASM_3.954	blue	99				
evm.TU.HIC_ASM_4.1492	blue	99				
evm.TU.HIC_ASM_4.1552	blue	99				
evm.TU.HIC_ASM_4.1752	blue	99				
evm.TU.HIC_ASM_4.522	blue	99				
evm.TU.HIC_ASM_5.1025	blue	99				
evm.TU.HIC_ASM_5.1027	blue	99				
evm.TU.HIC_ASM_5.1278	blue	99				
evm.TU.HIC_ASM_5.131	blue	99				
evm.TU.HIC_ASM_5.268	blue	99				
evm.TU.HIC_ASM_5.442	blue	99				
evm.TU.HIC_ASM_5.50	blue	99				
evm.TU.HIC_ASM_5.692	blue	99				
evm.TU.HIC_ASM_5.830	blue	99				
evm.TU.HIC_ASM_6.1053	blue	99				
evm.TU.HIC_ASM_6.2373	blue	99				
evm.TU.HIC_ASM_6.2529	blue	99				
evm.TU.HIC_ASM_6.26	blue	99				
evm.TU.HIC_ASM_6.289	blue	99				
evm.TU.HIC_ASM_6.652	blue	99				
evm.TU.HIC_ASM_6.687	blue	99				
evm.TU.HIC_ASM_7.1420	blue	99				
evm.TU.HIC_ASM_7.1669	blue	99				
evm.TU.HIC_ASM_7.1734	blue	99				
evm.TU.HIC_ASM_7.2377	blue	99				
evm.TU.HIC_ASM_7.246	blue	99				
evm.TU.HIC_ASM_8.1129	blue	99				
evm.TU.HIC_ASM_8.1457	blue	99				
evm.TU.HIC_ASM_8.1809	blue	99				
evm.TU.HIC_ASM_8.638	blue	99				
evm.TU.HIC_ASM_8.681	blue	99				
evm.TU.HIC_ASM_9.366	blue	99				
evm.TU.HIC_ASM_9.969	blue	99				
evm.TU.ORIGINAL_154.22	blue	99				
evm.TU.ORIGINAL_491.24	blue	99				
PB.21997	blue	99				
PB.3109	blue	99				
PB.23269	blue	99				
PB.1180	blue	99				
PB.1545	blue	99				
PB.20023	blue	99				
evm.TU.FRAGSCAFF_36.5	turquoise	99				
evm.TU.FRAGSCAFF_52__FRAGMENT_3.2	turquoise	99				
evm.TU.FRAGSCAFF_57__FRAGMENT_2.37	turquoise	99				
evm.TU.FRAGSCAFF_59.3	turquoise	99				
evm.TU.HIC_ASM_0.286	turquoise	99				
evm.TU.HIC_ASM_0.53	turquoise	99				
evm.TU.HIC_ASM_0.774	turquoise	99				
evm.TU.HIC_ASM_0.910	turquoise	99				
evm.TU.HIC_ASM_1.133	turquoise	99				
evm.TU.HIC_ASM_1.1597	turquoise	99				
evm.TU.HIC_ASM_1.1794	turquoise	99				
evm.TU.HIC_ASM_1.2575	turquoise	99				
evm.TU.HIC_ASM_10.276	turquoise	99				
evm.TU.HIC_ASM_12.1016	turquoise	99				
evm.TU.HIC_ASM_12.1257	turquoise	99				
evm.TU.HIC_ASM_12.255	turquoise	99				
evm.TU.HIC_ASM_14.287	turquoise	99				
evm.TU.HIC_ASM_14.94	turquoise	99				
evm.TU.HIC_ASM_15.145	turquoise	99				
evm.TU.HIC_ASM_15.698	turquoise	99				
evm.TU.HIC_ASM_16.1384	turquoise	99				
evm.TU.HIC_ASM_16.451	turquoise	99				
evm.TU.HIC_ASM_17.108	turquoise	99				
evm.TU.HIC_ASM_17.1239	turquoise	99				
evm.TU.HIC_ASM_18.1007	turquoise	99				
evm.TU.HIC_ASM_18.968	turquoise	99				
evm.TU.HIC_ASM_2.812	turquoise	99				
evm.TU.HIC_ASM_3.1076	turquoise	99				
evm.TU.HIC_ASM_6.1664	turquoise	99				
evm.TU.HIC_ASM_6.2751	turquoise	99				
evm.TU.HIC_ASM_6.3875	turquoise	99				
evm.TU.HIC_ASM_6.4024	turquoise	99				
evm.TU.HIC_ASM_6.4110	turquoise	99				
evm.TU.HIC_ASM_6.634	turquoise	99				
evm.TU.HIC_ASM_7.1626	turquoise	99				
evm.TU.HIC_ASM_7.2008	turquoise	99				
evm.TU.HIC_ASM_7.682	turquoise	99				
evm.TU.HIC_ASM_7.787	turquoise	99				
evm.TU.HIC_ASM_8.1816	turquoise	99				
evm.TU.HIC_ASM_8.273	turquoise	99				
evm.TU.HIC_ASM_8.469	turquoise	99				
evm.TU.HIC_ASM_8.526	turquoise	99				
evm.TU.HIC_ASM_8.649	turquoise	99				
evm.TU.HIC_ASM_9.85	turquoise	99				
evm.TU.ORIGINAL_247__FRAGMENT_2.53	turquoise	99				
PB.3397	turquoise	99				
PB.10895	turquoise	99				
PB.13518	turquoise	99				
PB.3288	turquoise	99				
PB.3497	turquoise	99				
evm.TU.FRAGSCAFF_60.8	yellow	99				
evm.TU.HIC_ASM_0.180	yellow	99				
evm.TU.HIC_ASM_0.2	yellow	99				
evm.TU.HIC_ASM_0.483	yellow	99				
evm.TU.HIC_ASM_1.1676	yellow	99				
evm.TU.HIC_ASM_1.559	yellow	99				
evm.TU.HIC_ASM_1.71	yellow	99				
evm.TU.HIC_ASM_1.816	yellow	99				
evm.TU.HIC_ASM_1.969	yellow	99				
evm.TU.HIC_ASM_10.156	yellow	99				
evm.TU.HIC_ASM_11.239	yellow	99				
evm.TU.HIC_ASM_11.71	yellow	99				
evm.TU.HIC_ASM_12.1345	yellow	99				
evm.TU.HIC_ASM_12.211	yellow	99				
evm.TU.HIC_ASM_12.300	yellow	99				
evm.TU.HIC_ASM_12.989	yellow	99				
evm.TU.HIC_ASM_13.1192	yellow	99				
evm.TU.HIC_ASM_13.1374	yellow	99				
evm.TU.HIC_ASM_13.759	yellow	99				
evm.TU.HIC_ASM_14.320	yellow	99				
evm.TU.HIC_ASM_15.1555	yellow	99				
evm.TU.HIC_ASM_15.1602	yellow	99				
evm.TU.HIC_ASM_15.1825	yellow	99				
evm.TU.HIC_ASM_15.2568	yellow	99				
evm.TU.HIC_ASM_15.2640	yellow	99				
evm.TU.HIC_ASM_16.94	yellow	99				
evm.TU.HIC_ASM_17.1448	yellow	99				
evm.TU.HIC_ASM_17.164	yellow	99				
evm.TU.HIC_ASM_18.322	yellow	99				
evm.TU.HIC_ASM_18.393	yellow	99				
evm.TU.HIC_ASM_18.555	yellow	99				
evm.TU.HIC_ASM_2.1199	yellow	99				
evm.TU.HIC_ASM_2.1469	yellow	99				
evm.TU.HIC_ASM_2.200	yellow	99				
evm.TU.HIC_ASM_2.592	yellow	99				
evm.TU.HIC_ASM_3.1383	yellow	99				
evm.TU.HIC_ASM_3.2345	yellow	99				
evm.TU.HIC_ASM_3.2347	yellow	99				
evm.TU.HIC_ASM_3.2348	yellow	99				
evm.TU.HIC_ASM_3.750	yellow	99				
evm.TU.HIC_ASM_4.1653	yellow	99				
evm.TU.HIC_ASM_4.318	yellow	99				
evm.TU.HIC_ASM_5.907	yellow	99				
evm.TU.HIC_ASM_6.1031	yellow	99				
evm.TU.HIC_ASM_6.1091	yellow	99				
evm.TU.HIC_ASM_6.137	yellow	99				
evm.TU.HIC_ASM_6.1822	yellow	99				
evm.TU.HIC_ASM_6.2069	yellow	99				
evm.TU.HIC_ASM_6.2395	yellow	99				
evm.TU.HIC_ASM_6.2524	yellow	99				
evm.TU.HIC_ASM_6.2810	yellow	99				
evm.TU.HIC_ASM_6.298	yellow	99				
evm.TU.HIC_ASM_6.3428	yellow	99				
evm.TU.HIC_ASM_6.3463	yellow	99				
evm.TU.HIC_ASM_6.3597	yellow	99				
evm.TU.HIC_ASM_6.441	yellow	99				
evm.TU.HIC_ASM_6.465	yellow	99				
evm.TU.HIC_ASM_7.1333	yellow	99				
evm.TU.HIC_ASM_7.2120	yellow	99				
evm.TU.HIC_ASM_7.2173	yellow	99				
evm.TU.HIC_ASM_7.218	yellow	99				
evm.TU.HIC_ASM_7.2231	yellow	99				
evm.TU.HIC_ASM_7.2343	yellow	99				
evm.TU.HIC_ASM_7.706	yellow	99				
evm.TU.HIC_ASM_8.450	yellow	99				
evm.TU.HIC_ASM_8.841	yellow	99				
evm.TU.HIC_ASM_9.1027	yellow	99				
evm.TU.HIC_ASM_9.1250	yellow	99				
evm.TU.HIC_ASM_9.1424	yellow	99				
evm.TU.HIC_ASM_9.387	yellow	99				
evm.TU.ORIGINAL_154.9	yellow	99				
evm.TU.ORIGINAL_200.16	yellow	99				
evm.TU.ORIGINAL_425.4	yellow	99				
evm.TU.ORIGINAL_484__FRAGMENT_2.21	yellow	99				
evm.TU.ORIGINAL_484__FRAGMENT_2.23	yellow	99				
evm.TU.ORIGINAL_494.16	yellow	99				
PB.78	yellow	99				
PB.21279	yellow	99				
PB.16937	yellow	99				
evm.TU.FRAGSCAFF_75__FRAGMENT_3.80	pink	99				
evm.TU.HIC_ASM_0.44	pink	99				
evm.TU.HIC_ASM_1.1175	pink	99				
evm.TU.HIC_ASM_1.1326	pink	99				
evm.TU.HIC_ASM_1.1552	pink	99				
evm.TU.HIC_ASM_1.1553	pink	99				
evm.TU.HIC_ASM_1.188	pink	99				
evm.TU.HIC_ASM_1.753	pink	99				
evm.TU.HIC_ASM_10.627	pink	99				
evm.TU.HIC_ASM_10.722	pink	99				
evm.TU.HIC_ASM_12.288	pink	99				
evm.TU.HIC_ASM_12.960	pink	99				
evm.TU.HIC_ASM_12.982	pink	99				
evm.TU.HIC_ASM_13.1023	pink	99				
evm.TU.HIC_ASM_13.925	pink	99				
evm.TU.HIC_ASM_13.994	pink	99				
evm.TU.HIC_ASM_14.1005	pink	99				
evm.TU.HIC_ASM_14.651	pink	99				
evm.TU.HIC_ASM_14.668	pink	99				
evm.TU.HIC_ASM_15.1998	pink	99				
evm.TU.HIC_ASM_15.2629	pink	99				
evm.TU.HIC_ASM_15.361	pink	99				
evm.TU.HIC_ASM_16.851	pink	99				
evm.TU.HIC_ASM_16.940	pink	99				
evm.TU.HIC_ASM_17.1240	pink	99				
evm.TU.HIC_ASM_17.328	pink	99				
evm.TU.HIC_ASM_18.316	pink	99				
evm.TU.HIC_ASM_2.581	pink	99				
evm.TU.HIC_ASM_3.1969	pink	99				
evm.TU.HIC_ASM_4.1299	pink	99				
evm.TU.HIC_ASM_5.563	pink	99				
evm.TU.HIC_ASM_5.676	pink	99				
evm.TU.HIC_ASM_6.2111	pink	99				
evm.TU.HIC_ASM_6.2160	pink	99				
evm.TU.HIC_ASM_6.2990	pink	99				
evm.TU.HIC_ASM_6.3416	pink	99				
evm.TU.HIC_ASM_6.3675	pink	99				
evm.TU.HIC_ASM_6.3703	pink	99				
evm.TU.HIC_ASM_6.3969	pink	99				
evm.TU.HIC_ASM_7.1643	pink	99				
evm.TU.HIC_ASM_7.1774	pink	99				
evm.TU.HIC_ASM_7.1885	pink	99				
evm.TU.HIC_ASM_7.2355	pink	99				
evm.TU.HIC_ASM_7.822	pink	99				
evm.TU.HIC_ASM_8.1073	pink	99				
evm.TU.HIC_ASM_8.582	pink	99				
evm.TU.HIC_ASM_8.738	pink	99				
evm.TU.HIC_ASM_9.1797	pink	99				
evm.TU.HIC_ASM_9.242	pink	99				
PB.9590	pink	99				
evm.TU.HIC_ASM_0.243	red	99				
evm.TU.HIC_ASM_0.257	red	99				
evm.TU.HIC_ASM_1.503	red	99				
evm.TU.HIC_ASM_1.565	red	99				
evm.TU.HIC_ASM_10.491	red	99				
evm.TU.HIC_ASM_12.1126	red	99				
evm.TU.HIC_ASM_14.1066	red	99				
evm.TU.HIC_ASM_14.485	red	99				
evm.TU.HIC_ASM_15.1637	red	99				
evm.TU.HIC_ASM_16.329	red	99				
evm.TU.HIC_ASM_16.503	red	99				
evm.TU.HIC_ASM_16.539	red	99				
evm.TU.HIC_ASM_18.1158	red	99				
evm.TU.HIC_ASM_18.917	red	99				
evm.TU.HIC_ASM_2.236	red	99				
evm.TU.HIC_ASM_3.411	red	99				
evm.TU.HIC_ASM_4.561	red	99				
evm.TU.HIC_ASM_5.186	red	99				
evm.TU.HIC_ASM_5.885	red	99				
evm.TU.HIC_ASM_6.1219	red	99				
evm.TU.HIC_ASM_6.1507	red	99				
evm.TU.HIC_ASM_6.2283	red	99				
evm.TU.HIC_ASM_6.3887	red	99				
evm.TU.HIC_ASM_7.58	red	99				
evm.TU.HIC_ASM_8.1638	red	99				
evm.TU.HIC_ASM_8.685	red	99				
evm.TU.HIC_ASM_9.187	red	99				
evm.TU.ORIGINAL_268.4	red	99				
evm.TU.ORIGINAL_484__FRAGMENT_1.7	red	99				
PB.9369	red	99				
PB.2816	red	99				
PB.3963	red	99				
evm.TU.HIC_ASM_1.149	purple	99				
evm.TU.HIC_ASM_1.1515	purple	99				
evm.TU.HIC_ASM_1.1522	purple	99				
evm.TU.HIC_ASM_1.849	purple	99				
evm.TU.HIC_ASM_10.415	purple	99				
evm.TU.HIC_ASM_10.464	purple	99				
evm.TU.HIC_ASM_10.472	purple	99				
evm.TU.HIC_ASM_10.543	purple	99				
evm.TU.HIC_ASM_10.724	purple	99				
evm.TU.HIC_ASM_10.850	purple	99				
evm.TU.HIC_ASM_10.851	purple	99				
evm.TU.HIC_ASM_10.912	purple	99				
evm.TU.HIC_ASM_11.166	purple	99				
evm.TU.HIC_ASM_11.720	purple	99				
evm.TU.HIC_ASM_11.78	purple	99				
evm.TU.HIC_ASM_12.1	purple	99				
evm.TU.HIC_ASM_12.26	purple	99				
evm.TU.HIC_ASM_12.904	purple	99				
evm.TU.HIC_ASM_13.1402	purple	99				
evm.TU.HIC_ASM_13.756	purple	99				
evm.TU.HIC_ASM_14.580	purple	99				
evm.TU.HIC_ASM_14.581	purple	99				
evm.TU.HIC_ASM_14.641	purple	99				
evm.TU.HIC_ASM_15.1317	purple	99				
evm.TU.HIC_ASM_15.1558	purple	99				
evm.TU.HIC_ASM_15.2403	purple	99				
evm.TU.HIC_ASM_15.2413	purple	99				
evm.TU.HIC_ASM_15.2523	purple	99				
evm.TU.HIC_ASM_15.657	purple	99				
evm.TU.HIC_ASM_15.73	purple	99				
evm.TU.HIC_ASM_15.81	purple	99				
evm.TU.HIC_ASM_16.1007	purple	99				
evm.TU.HIC_ASM_16.1129	purple	99				
evm.TU.HIC_ASM_16.1165	purple	99				
evm.TU.HIC_ASM_16.1417	purple	99				
evm.TU.HIC_ASM_17.1550	purple	99				
evm.TU.HIC_ASM_18.1257	purple	99				
evm.TU.HIC_ASM_18.355	purple	99				
evm.TU.HIC_ASM_18.807	purple	99				
evm.TU.HIC_ASM_18.858	purple	99				
evm.TU.HIC_ASM_2.1314	purple	99				
evm.TU.HIC_ASM_2.774	purple	99				
evm.TU.HIC_ASM_2.892	purple	99				
evm.TU.HIC_ASM_3.1531	purple	99				
evm.TU.HIC_ASM_3.1757	purple	99				
evm.TU.HIC_ASM_3.1763	purple	99				
evm.TU.HIC_ASM_4.1510	purple	99				
evm.TU.HIC_ASM_4.169	purple	99				
evm.TU.HIC_ASM_4.316	purple	99				
evm.TU.HIC_ASM_4.49	purple	99				
evm.TU.HIC_ASM_5.1193	purple	99				
evm.TU.HIC_ASM_5.1194	purple	99				
evm.TU.HIC_ASM_5.1195	purple	99				
evm.TU.HIC_ASM_6.153	purple	99				
evm.TU.HIC_ASM_6.2121	purple	99				
evm.TU.HIC_ASM_6.214	purple	99				
evm.TU.HIC_ASM_6.2154	purple	99				
evm.TU.HIC_ASM_6.2893	purple	99				
evm.TU.HIC_ASM_6.3709	purple	99				
evm.TU.HIC_ASM_6.3802	purple	99				
evm.TU.HIC_ASM_6.3923	purple	99				
evm.TU.HIC_ASM_6.4027	purple	99				
evm.TU.HIC_ASM_6.4171	purple	99				
evm.TU.HIC_ASM_6.674	purple	99				
evm.TU.HIC_ASM_7.1747	purple	99				
evm.TU.HIC_ASM_7.1794	purple	99				
evm.TU.HIC_ASM_7.1799	purple	99				
evm.TU.HIC_ASM_7.1856	purple	99				
evm.TU.HIC_ASM_7.2031	purple	99				
evm.TU.HIC_ASM_7.2134	purple	99				
evm.TU.HIC_ASM_7.2167	purple	99				
evm.TU.HIC_ASM_8.1675	purple	99				
evm.TU.HIC_ASM_8.1676	purple	99				
evm.TU.HIC_ASM_8.1840	purple	99				
evm.TU.HIC_ASM_8.1841	purple	99				
evm.TU.ORIGINAL_153.36	purple	99				
evm.TU.ORIGINAL_200.6	purple	99				
evm.TU.ORIGINAL_352.1	purple	99				
evm.TU.ORIGINAL_378.22	purple	99				
evm.TU.ORIGINAL_505.8	purple	99				
evm.TU.HIC_ASM_1.2035	black	99				
evm.TU.HIC_ASM_10.495	black	99				
evm.TU.HIC_ASM_12.1184	black	99				
evm.TU.HIC_ASM_12.289	black	99				
evm.TU.HIC_ASM_13.337	black	99				
evm.TU.HIC_ASM_13.700	black	99				
evm.TU.HIC_ASM_15.1267	black	99				
evm.TU.HIC_ASM_15.2339	black	99				
evm.TU.HIC_ASM_16.515	black	99				
evm.TU.HIC_ASM_17.1028	black	99				
evm.TU.HIC_ASM_17.1127	black	99				
evm.TU.HIC_ASM_2.794	black	99				
evm.TU.HIC_ASM_3.1799	black	99				
evm.TU.HIC_ASM_3.1850	black	99				
evm.TU.HIC_ASM_4.770	black	99				
evm.TU.HIC_ASM_4.909	black	99				
evm.TU.HIC_ASM_5.1198	black	99				
evm.TU.HIC_ASM_6.213	black	99				
evm.TU.HIC_ASM_6.3034	black	99				
evm.TU.HIC_ASM_6.3035	black	99				
evm.TU.HIC_ASM_6.3207	black	99				
evm.TU.HIC_ASM_6.3953	black	99				
evm.TU.HIC_ASM_6.4057	black	99				
evm.TU.HIC_ASM_7.105	black	99				
evm.TU.HIC_ASM_7.1792	black	99				
evm.TU.HIC_ASM_7.18	black	99				
evm.TU.HIC_ASM_7.2238	black	99				
evm.TU.HIC_ASM_8.1115	black	99				
evm.TU.HIC_ASM_8.1790	black	99				
evm.TU.HIC_ASM_8.364	black	99				
evm.TU.HIC_ASM_9.168	black	99				
evm.TU.HIC_ASM_9.417	black	99				
evm.TU.ORIGINAL_320__FRAGMENT_2.1	black	99				
evm.TU.ORIGINAL_437__FRAGMENT_2.19	black	99				
evm.TU.ORIGINAL_458.13	black	99				
PB.18236	black	99				
PB.16383	black	99				
PB.462	black	99				
PB.12283	black	99				
