"Module","Gene","Stability"
"green","evm.TU.FRAGSCAFF_44__FRAGMENT_2.45",1
"green","evm.TU.FRAGSCAFF_57__FRAGMENT_2.42",1
"green","evm.TU.FRAGSCAFF_70__FRAGMENT_2.1",1
"green","evm.TU.FRAGSCAFF_78__FRAGMENT_1.7",1
"green","evm.TU.HIC_ASM_0.102",1
"green","evm.TU.HIC_ASM_0.243",0.99
"green","evm.TU.HIC_ASM_0.247",1
"green","evm.TU.HIC_ASM_0.257",0.99
"green","evm.TU.HIC_ASM_0.612",1
"green","evm.TU.HIC_ASM_0.797",1
"green","evm.TU.HIC_ASM_1.1051",1
"green","evm.TU.HIC_ASM_1.1442",1
"green","evm.TU.HIC_ASM_1.1608",1
"green","evm.TU.HIC_ASM_1.1884",1
"green","evm.TU.HIC_ASM_1.189",1
"green","evm.TU.HIC_ASM_1.2035",0.99
"green","evm.TU.HIC_ASM_1.2201",1
"green","evm.TU.HIC_ASM_1.2420",1
"green","evm.TU.HIC_ASM_1.565",0.99
"green","evm.TU.HIC_ASM_1.862",1
"green","evm.TU.HIC_ASM_10.219",1
"green","evm.TU.HIC_ASM_10.315",1
"green","evm.TU.HIC_ASM_10.476",1
"green","evm.TU.HIC_ASM_10.491",0.99
"green","evm.TU.HIC_ASM_10.495",0.99
"green","evm.TU.HIC_ASM_10.619",1
"green","evm.TU.HIC_ASM_11.1175",1
"green","evm.TU.HIC_ASM_11.1310",1
"green","evm.TU.HIC_ASM_11.1313",1
"green","evm.TU.HIC_ASM_11.1334",1
"green","evm.TU.HIC_ASM_11.2",1
"green","evm.TU.HIC_ASM_11.22",1
"green","evm.TU.HIC_ASM_11.695",1
"green","evm.TU.HIC_ASM_11.72",1
"green","evm.TU.HIC_ASM_11.885",1
"green","evm.TU.HIC_ASM_12.1184",0.99
"green","evm.TU.HIC_ASM_12.196",1
"green","evm.TU.HIC_ASM_12.221",1
"green","evm.TU.HIC_ASM_12.77",1
"green","evm.TU.HIC_ASM_12.973",1
"green","evm.TU.HIC_ASM_13.1116",1
"green","evm.TU.HIC_ASM_13.1252",1
"green","evm.TU.HIC_ASM_13.337",0.99
"green","evm.TU.HIC_ASM_14.1066",0.99
"green","evm.TU.HIC_ASM_14.271",1
"green","evm.TU.HIC_ASM_14.285",1
"green","evm.TU.HIC_ASM_14.485",0.99
"green","evm.TU.HIC_ASM_14.670",1
"green","evm.TU.HIC_ASM_14.744",1
"green","evm.TU.HIC_ASM_14.786",1
"green","evm.TU.HIC_ASM_15.1267",0.99
"green","evm.TU.HIC_ASM_15.1271",1
"green","evm.TU.HIC_ASM_15.1637",0.99
"green","evm.TU.HIC_ASM_15.169",1
"green","evm.TU.HIC_ASM_15.2245",1
"green","evm.TU.HIC_ASM_15.2309",1
"green","evm.TU.HIC_ASM_15.2339",0.99
"green","evm.TU.HIC_ASM_15.2516",1
"green","evm.TU.HIC_ASM_15.533",1
"green","evm.TU.HIC_ASM_16.1194",1
"green","evm.TU.HIC_ASM_16.1403",1
"green","evm.TU.HIC_ASM_16.192",1
"green","evm.TU.HIC_ASM_16.327",1
"green","evm.TU.HIC_ASM_16.329",0.99
"green","evm.TU.HIC_ASM_16.431",1
"green","evm.TU.HIC_ASM_16.503",0.99
"green","evm.TU.HIC_ASM_16.539",0.99
"green","evm.TU.HIC_ASM_16.674",1
"green","evm.TU.HIC_ASM_16.688",1
"green","evm.TU.HIC_ASM_16.989",1
"green","evm.TU.HIC_ASM_17.1026",1
"green","evm.TU.HIC_ASM_17.1349",1
"green","evm.TU.HIC_ASM_17.1402",1
"green","evm.TU.HIC_ASM_17.1438",1
"green","evm.TU.HIC_ASM_17.432",1
"green","evm.TU.HIC_ASM_17.617",1
"green","evm.TU.HIC_ASM_17.901",1
"green","evm.TU.HIC_ASM_18.392",1
"green","evm.TU.HIC_ASM_18.864",1
"green","evm.TU.HIC_ASM_2.1042",1
"green","evm.TU.HIC_ASM_2.1045",1
"green","evm.TU.HIC_ASM_2.236",0.99
"green","evm.TU.HIC_ASM_2.409",1
"green","evm.TU.HIC_ASM_2.576",1
"green","evm.TU.HIC_ASM_2.794",0.99
"green","evm.TU.HIC_ASM_3.1245",1
"green","evm.TU.HIC_ASM_3.136",1
"green","evm.TU.HIC_ASM_3.142",1
"green","evm.TU.HIC_ASM_3.1799",0.99
"green","evm.TU.HIC_ASM_3.181",1
"green","evm.TU.HIC_ASM_3.1998",1
"green","evm.TU.HIC_ASM_3.411",0.99
"green","evm.TU.HIC_ASM_3.477",1
"green","evm.TU.HIC_ASM_3.538",1
"green","evm.TU.HIC_ASM_3.617",1
"green","evm.TU.HIC_ASM_3.917",1
"green","evm.TU.HIC_ASM_4.1405",1
"green","evm.TU.HIC_ASM_4.1515",1
"green","evm.TU.HIC_ASM_4.1523",1
"green","evm.TU.HIC_ASM_4.1688",1
"green","evm.TU.HIC_ASM_4.1715",1
"green","evm.TU.HIC_ASM_4.1740",1
"green","evm.TU.HIC_ASM_4.294",1
"green","evm.TU.HIC_ASM_4.414",1
"green","evm.TU.HIC_ASM_4.475",1
"green","evm.TU.HIC_ASM_4.561",0.99
"green","evm.TU.HIC_ASM_4.770",0.99
"green","evm.TU.HIC_ASM_4.875",1
"green","evm.TU.HIC_ASM_5.186",0.99
"green","evm.TU.HIC_ASM_5.260",1
"green","evm.TU.HIC_ASM_5.458",1
"green","evm.TU.HIC_ASM_5.885",0.99
"green","evm.TU.HIC_ASM_6.1219",0.99
"green","evm.TU.HIC_ASM_6.1438",1
"green","evm.TU.HIC_ASM_6.1507",0.99
"green","evm.TU.HIC_ASM_6.1640",1
"green","evm.TU.HIC_ASM_6.177",1
"green","evm.TU.HIC_ASM_6.1957",1
"green","evm.TU.HIC_ASM_6.1993",1
"green","evm.TU.HIC_ASM_6.200",1
"green","evm.TU.HIC_ASM_6.2095",1
"green","evm.TU.HIC_ASM_6.2098",1
"green","evm.TU.HIC_ASM_6.2164",1
"green","evm.TU.HIC_ASM_6.2283",0.99
"green","evm.TU.HIC_ASM_6.2386",1
"green","evm.TU.HIC_ASM_6.2534",1
"green","evm.TU.HIC_ASM_6.3034",0.99
"green","evm.TU.HIC_ASM_6.3035",0.99
"green","evm.TU.HIC_ASM_6.3091",1
"green","evm.TU.HIC_ASM_6.3100",1
"green","evm.TU.HIC_ASM_6.3122",1
"green","evm.TU.HIC_ASM_6.3161",1
"green","evm.TU.HIC_ASM_6.320",1
"green","evm.TU.HIC_ASM_6.3206",1
"green","evm.TU.HIC_ASM_6.3207",0.99
"green","evm.TU.HIC_ASM_6.3886",1
"green","evm.TU.HIC_ASM_6.3887",0.99
"green","evm.TU.HIC_ASM_6.3953",0.99
"green","evm.TU.HIC_ASM_6.4057",0.99
"green","evm.TU.HIC_ASM_6.4137",1
"green","evm.TU.HIC_ASM_7.105",0.99
"green","evm.TU.HIC_ASM_7.18",0.99
"green","evm.TU.HIC_ASM_7.1829",1
"green","evm.TU.HIC_ASM_7.2022",1
"green","evm.TU.HIC_ASM_7.2083",1
"green","evm.TU.HIC_ASM_7.251",1
"green","evm.TU.HIC_ASM_7.470",1
"green","evm.TU.HIC_ASM_7.562",1
"green","evm.TU.HIC_ASM_7.58",0.99
"green","evm.TU.HIC_ASM_7.707",1
"green","evm.TU.HIC_ASM_7.890",1
"green","evm.TU.HIC_ASM_7.90",1
"green","evm.TU.HIC_ASM_7.904",1
"green","evm.TU.HIC_ASM_8.1101",1
"green","evm.TU.HIC_ASM_8.1182",1
"green","evm.TU.HIC_ASM_8.1212",1
"green","evm.TU.HIC_ASM_8.1425",1
"green","evm.TU.HIC_ASM_8.1435",1
"green","evm.TU.HIC_ASM_8.1575",1
"green","evm.TU.HIC_ASM_8.1638",0.99
"green","evm.TU.HIC_ASM_8.302",1
"green","evm.TU.HIC_ASM_8.363",1
"green","evm.TU.HIC_ASM_8.364",0.99
"green","evm.TU.HIC_ASM_8.476",1
"green","evm.TU.HIC_ASM_8.591",1
"green","evm.TU.HIC_ASM_8.685",0.99
"green","evm.TU.HIC_ASM_8.70",1
"green","evm.TU.HIC_ASM_8.889",1
"green","evm.TU.HIC_ASM_8.899",1
"green","evm.TU.HIC_ASM_9.1617",1
"green","evm.TU.HIC_ASM_9.168",0.99
"green","evm.TU.HIC_ASM_9.1762",1
"green","evm.TU.HIC_ASM_9.1849",1
"green","evm.TU.HIC_ASM_9.1868",1
"green","evm.TU.HIC_ASM_9.187",0.99
"green","evm.TU.HIC_ASM_9.1943",1
"green","evm.TU.HIC_ASM_9.203",1
"green","evm.TU.HIC_ASM_9.417",0.99
"green","evm.TU.HIC_ASM_9.670",1
"green","evm.TU.HIC_ASM_9.822",1
"green","evm.TU.ORIGINAL_130.5",1
"green","evm.TU.ORIGINAL_179__FRAGMENT_1.4",1
"green","evm.TU.ORIGINAL_247__FRAGMENT_1.11",1
"green","evm.TU.ORIGINAL_247__FRAGMENT_2.42",1
"green","evm.TU.ORIGINAL_247__FRAGMENT_2.50",1
"green","evm.TU.ORIGINAL_268.4",0.99
"green","evm.TU.ORIGINAL_320__FRAGMENT_2.1",0.99
"green","evm.TU.ORIGINAL_354.1",1
"green","evm.TU.ORIGINAL_355.20",1
"green","evm.TU.ORIGINAL_435__FRAGMENT_2.5",1
"green","evm.TU.ORIGINAL_437__FRAGMENT_2.19",0.99
"green","evm.TU.ORIGINAL_458.13",0.99
"green","evm.TU.ORIGINAL_471.3",1
"green","evm.TU.ORIGINAL_484__FRAGMENT_1.7",0.99
"green","evm.TU.ORIGINAL_484__FRAGMENT_2.11",1
"green","evm.TU.ORIGINAL_484__FRAGMENT_2.12",1
"green","evm.TU.ORIGINAL_488.3",1
"green","PB.2920",1
"green","PB.16383",0.99
"green","PB.17353",1
"green","PB.437",1
"green","PB.462",0.99
"green","PB.2816",0.99
"green","PB.15372",1
"green","PB.3963",0.99
"green","PB.23690",1
"green","PB.4234",1
"green","PB.15920",1
